Horizon,Method,Trial,Time,Volume,Num_Steps
2,Concrete,0,0.06562137603759766,0.00412037,
2,Concrete,1,0.02488875389099121,0.00412037,
2,Concrete,2,0.024749755859375,0.00412037,
2,Concrete,3,0.02481698989868164,0.00412037,
2,Concrete,4,0.02481818199157715,0.00412037,
2,Concrete,5,0.02485513687133789,0.00412037,
2,Concrete,6,0.024863719940185547,0.00412037,
2,Concrete,7,0.025519371032714844,0.00412037,
2,Concrete,8,0.024821043014526367,0.00412037,
2,Concrete,9,0.024707794189453125,0.00412037,
3,Concrete,0,0.03744697570800781,0.0045685857,
3,Concrete,1,0.037393808364868164,0.0045685857,
3,Concrete,2,0.03744673728942871,0.0045685857,
3,Concrete,3,0.037474870681762695,0.0045685857,
3,Concrete,4,0.037717342376708984,0.0045685857,
3,Concrete,5,0.0374910831451416,0.0045685857,
3,Concrete,6,0.03743577003479004,0.0045685857,
3,Concrete,7,0.03746438026428223,0.0045685857,
3,Concrete,8,0.03746342658996582,0.0045685857,
3,Concrete,9,0.03737926483154297,0.0045685857,
4,Concrete,0,0.050238609313964844,0.0043585305,
4,Concrete,1,0.05005478858947754,0.0043585305,
4,Concrete,2,0.05008816719055176,0.0043585305,
4,Concrete,3,0.04998660087585449,0.0043585305,
4,Concrete,4,0.050031423568725586,0.0043585305,
4,Concrete,5,0.0500490665435791,0.0043585305,
4,Concrete,6,0.05006909370422363,0.0043585305,
4,Concrete,7,0.05002737045288086,0.0043585305,
4,Concrete,8,0.04996299743652344,0.0043585305,
4,Concrete,9,0.05006575584411621,0.0043585305,
5,Concrete,0,0.0626974105834961,0.004671526,
5,Concrete,1,0.06255817413330078,0.004671526,
5,Concrete,2,0.06259441375732422,0.004671526,
5,Concrete,3,0.0628819465637207,0.004671526,
5,Concrete,4,0.06254291534423828,0.004671526,
5,Concrete,5,0.06251788139343262,0.004671526,
5,Concrete,6,0.0625300407409668,0.004671526,
5,Concrete,7,0.06273436546325684,0.004671526,
5,Concrete,8,0.06265592575073242,0.004671526,
5,Concrete,9,0.06278753280639648,0.004671526,
6,Concrete,0,0.07589840888977051,0.004319503,
6,Concrete,1,0.07589936256408691,0.004319503,
6,Concrete,2,0.07585501670837402,0.004319503,
6,Concrete,3,0.07581329345703125,0.004319503,
6,Concrete,4,0.0758054256439209,0.004319503,
6,Concrete,5,0.0758371353149414,0.004319503,
6,Concrete,6,0.07586836814880371,0.004319503,
6,Concrete,7,0.07580184936523438,0.004319503,
6,Concrete,8,0.07586956024169922,0.004319503,
6,Concrete,9,0.0758206844329834,0.004319503,
7,Concrete,0,0.0883035659790039,0.0048914133,
7,Concrete,1,0.08788609504699707,0.0048914133,
7,Concrete,2,0.08786821365356445,0.0048914133,
7,Concrete,3,0.08799624443054199,0.0048914133,
7,Concrete,4,0.08808112144470215,0.0048914133,
7,Concrete,5,0.08793807029724121,0.0048914133,
7,Concrete,6,0.08803629875183105,0.0048914133,
7,Concrete,7,0.08806252479553223,0.0048914133,
7,Concrete,8,0.08815288543701172,0.0048914133,
7,Concrete,9,0.08809924125671387,0.0048914133,
8,Concrete,0,0.10134649276733398,0.006292334,
8,Concrete,1,0.10109519958496094,0.006292334,
8,Concrete,2,0.1010746955871582,0.006292334,
8,Concrete,3,0.1010293960571289,0.006292334,
8,Concrete,4,0.10093879699707031,0.006292334,
8,Concrete,5,0.10099959373474121,0.006292334,
8,Concrete,6,0.10110878944396973,0.006292334,
8,Concrete,7,0.10101485252380371,0.006292334,
8,Concrete,8,0.10110974311828613,0.006292334,
8,Concrete,9,0.10093259811401367,0.006292334,
9,Concrete,0,0.11423468589782715,0.008557862,
9,Concrete,1,0.11402726173400879,0.008557862,
9,Concrete,2,0.11400961875915527,0.008557862,
9,Concrete,3,0.11386847496032715,0.008557862,
9,Concrete,4,0.1137845516204834,0.008557862,
9,Concrete,5,0.11394953727722168,0.008557862,
9,Concrete,6,0.11407113075256348,0.008557862,
9,Concrete,7,0.11388921737670898,0.008557862,
9,Concrete,8,0.11388444900512695,0.008557862,
9,Concrete,9,0.11400032043457031,0.008557862,
10,Concrete,0,0.12777972221374512,0.0143233,
10,Concrete,1,0.12729501724243164,0.0143233,
10,Concrete,2,0.12733817100524902,0.0143233,
10,Concrete,3,0.12704801559448242,0.0143233,
10,Concrete,4,0.12724518775939941,0.0143233,
10,Concrete,5,0.12697076797485352,0.0143233,
10,Concrete,6,0.12710046768188477,0.0143233,
10,Concrete,7,0.12758731842041016,0.0143233,
10,Concrete,8,0.1273820400238037,0.0143233,
10,Concrete,9,0.12729167938232422,0.0143233,
11,Concrete,0,0.1410658359527588,0.021809567,
11,Concrete,1,0.13975906372070312,0.021809567,
11,Concrete,2,0.1396634578704834,0.021809567,
11,Concrete,3,0.13951945304870605,0.021809567,
11,Concrete,4,0.13933348655700684,0.021809567,
11,Concrete,5,0.1395406723022461,0.021809567,
11,Concrete,6,0.13975763320922852,0.021809567,
11,Concrete,7,0.13944292068481445,0.021809567,
11,Concrete,8,0.13952302932739258,0.021809567,
11,Concrete,9,0.13933801651000977,0.021809567,
12,Concrete,0,0.15255093574523926,0.029482706,
12,Concrete,1,0.15247607231140137,0.029482706,
12,Concrete,2,0.15235686302185059,0.029482706,
12,Concrete,3,0.1547861099243164,0.029482706,
12,Concrete,4,0.1757199764251709,0.029482706,
12,Concrete,5,0.17434906959533691,0.029482706,
12,Concrete,6,0.17296576499938965,0.029482706,
12,Concrete,7,0.14794111251831055,0.029482706,
12,Concrete,8,0.14808964729309082,0.029482706,
12,Concrete,9,0.1480424404144287,0.029482706,
13,Concrete,0,0.1600327491760254,0.039032266,
13,Concrete,1,0.1593921184539795,0.039032266,
13,Concrete,2,0.15935039520263672,0.039032266,
13,Concrete,3,0.15938019752502441,0.039032266,
13,Concrete,4,0.15949749946594238,0.039032266,
13,Concrete,5,0.15937471389770508,0.039032266,
13,Concrete,6,0.15939545631408691,0.039032266,
13,Concrete,7,0.15962958335876465,0.039032266,
13,Concrete,8,0.15952682495117188,0.039032266,
13,Concrete,9,0.1595592498779297,0.039032266,
14,Concrete,0,0.17258453369140625,0.05384694,
14,Concrete,1,0.1723473072052002,0.05384694,
14,Concrete,2,0.17221832275390625,0.05384694,
14,Concrete,3,0.1721935272216797,0.05384694,
14,Concrete,4,0.17231154441833496,0.05384694,
14,Concrete,5,0.1721029281616211,0.05384694,
14,Concrete,6,0.17214202880859375,0.05384694,
14,Concrete,7,0.17217326164245605,0.05384694,
14,Concrete,8,0.17232346534729004,0.05384694,
14,Concrete,9,0.17231249809265137,0.05384694,
15,Concrete,0,0.18514728546142578,0.08203434,
15,Concrete,1,0.18505620956420898,0.08203434,
15,Concrete,2,0.18500804901123047,0.08203434,
15,Concrete,3,0.18480587005615234,0.08203434,
15,Concrete,4,0.18494415283203125,0.08203434,
15,Concrete,5,0.18608641624450684,0.08203434,
15,Concrete,6,0.18497562408447266,0.08203434,
15,Concrete,7,0.18523716926574707,0.08203434,
15,Concrete,8,0.18502402305603027,0.08203434,
15,Concrete,9,0.1848611831665039,0.08203434,
16,Concrete,0,0.19769001007080078,0.13206962,
16,Concrete,1,0.19810724258422852,0.13206962,
16,Concrete,2,0.19788336753845215,0.13206962,
16,Concrete,3,0.19771742820739746,0.13206962,
16,Concrete,4,0.19760465621948242,0.13206962,
16,Concrete,5,0.19753742218017578,0.13206962,
16,Concrete,6,0.19793272018432617,0.13206962,
16,Concrete,7,0.2110884189605713,0.13206962,
16,Concrete,8,0.20155882835388184,0.13206962,
16,Concrete,9,0.19797348976135254,0.13206962,
17,Concrete,0,0.2093949317932129,0.2270403,
17,Concrete,1,0.2091379165649414,0.2270403,
17,Concrete,2,0.2090470790863037,0.2270403,
17,Concrete,3,0.20908045768737793,0.2270403,
17,Concrete,4,0.20907330513000488,0.2270403,
17,Concrete,5,0.20911383628845215,0.2270403,
17,Concrete,6,0.2088925838470459,0.2270403,
17,Concrete,7,0.20917725563049316,0.2270403,
17,Concrete,8,0.20899534225463867,0.2270403,
17,Concrete,9,0.20909881591796875,0.2270403,
18,Concrete,0,0.22235918045043945,0.4491362,
18,Concrete,1,0.22234535217285156,0.4491362,
18,Concrete,2,0.22262072563171387,0.4491362,
18,Concrete,3,0.22283458709716797,0.4491362,
18,Concrete,4,0.2226419448852539,0.4491362,
18,Concrete,5,0.2226550579071045,0.4491362,
18,Concrete,6,0.22258853912353516,0.4491362,
18,Concrete,7,0.22294020652770996,0.4491362,
18,Concrete,8,0.2228679656982422,0.4491362,
18,Concrete,9,0.22268295288085938,0.4491362,
19,Concrete,0,0.23705649375915527,0.9741201,
19,Concrete,1,0.2359328269958496,0.9741201,
19,Concrete,2,0.2360680103302002,0.9741201,
19,Concrete,3,0.23614764213562012,0.9741201,
19,Concrete,4,0.23648977279663086,0.9741201,
19,Concrete,5,0.2360846996307373,0.9741201,
19,Concrete,6,0.23627543449401855,0.9741201,
19,Concrete,7,0.2362353801727295,0.9741201,
19,Concrete,8,0.23657584190368652,0.9741201,
19,Concrete,9,0.23628830909729004,0.9741201,
20,Concrete,0,0.24736714363098145,2.4767885,
20,Concrete,1,0.2467210292816162,2.4767885,
20,Concrete,2,0.24695324897766113,2.4767885,
20,Concrete,3,0.24725103378295898,2.4767885,
20,Concrete,4,0.24733376502990723,2.4767885,
20,Concrete,5,0.2470259666442871,2.4767885,
20,Concrete,6,0.2469482421875,2.4767885,
20,Concrete,7,0.24687814712524414,2.4767885,
20,Concrete,8,0.24643421173095703,2.4767885,
20,Concrete,9,0.24663782119750977,2.4767885,
2,Symbolic_Single,0,0.05225801467895508,0.0038496545,
2,Symbolic_Single,1,0.051576852798461914,0.0038496545,
2,Symbolic_Single,2,0.05173611640930176,0.0038496545,
2,Symbolic_Single,3,0.0518186092376709,0.0038496545,
2,Symbolic_Single,4,0.05182051658630371,0.0038496545,
2,Symbolic_Single,5,0.05178236961364746,0.0038496545,
2,Symbolic_Single,6,0.052007198333740234,0.0038496545,
2,Symbolic_Single,7,0.05167961120605469,0.0038496545,
2,Symbolic_Single,8,0.05172085762023926,0.0038496545,
2,Symbolic_Single,9,0.051863670349121094,0.0038496545,
3,Symbolic_Single,0,0.12391781806945801,0.003717497,
3,Symbolic_Single,1,0.12284302711486816,0.003717497,
3,Symbolic_Single,2,0.12377476692199707,0.003717497,
3,Symbolic_Single,3,0.12295293807983398,0.003717497,
3,Symbolic_Single,4,0.12318086624145508,0.003717497,
3,Symbolic_Single,5,0.12307453155517578,0.003717497,
3,Symbolic_Single,6,0.12345218658447266,0.003717497,
3,Symbolic_Single,7,0.1234579086303711,0.003717497,
3,Symbolic_Single,8,0.12338113784790039,0.003717497,
3,Symbolic_Single,9,0.12336540222167969,0.003717497,
4,Symbolic_Single,0,0.22639107704162598,0.0027545558,
4,Symbolic_Single,1,0.22888827323913574,0.0027545558,
4,Symbolic_Single,2,0.22619962692260742,0.0027545558,
4,Symbolic_Single,3,0.22729802131652832,0.0027545558,
4,Symbolic_Single,4,0.22836804389953613,0.0027545558,
4,Symbolic_Single,5,0.22701573371887207,0.0027545558,
4,Symbolic_Single,6,0.2274007797241211,0.0027545558,
4,Symbolic_Single,7,0.22754716873168945,0.0027545558,
4,Symbolic_Single,8,0.22930097579956055,0.0027545558,
4,Symbolic_Single,9,0.22741174697875977,0.0027545558,
5,Symbolic_Single,0,0.360337495803833,0.0022055656,
5,Symbolic_Single,1,0.3708052635192871,0.0022055656,
5,Symbolic_Single,2,0.36203598976135254,0.0022055656,
5,Symbolic_Single,3,0.36168432235717773,0.0022055656,
5,Symbolic_Single,4,0.362560510635376,0.0022055656,
5,Symbolic_Single,5,0.36299705505371094,0.0022055656,
5,Symbolic_Single,6,0.3635375499725342,0.0022055656,
5,Symbolic_Single,7,0.36360883712768555,0.0022055656,
5,Symbolic_Single,8,0.3646092414855957,0.0022055656,
5,Symbolic_Single,9,0.3642115592956543,0.0022055656,
6,Symbolic_Single,0,0.5251071453094482,0.001528975,
6,Symbolic_Single,1,0.5405488014221191,0.001528975,
6,Symbolic_Single,2,0.5321249961853027,0.001528975,
6,Symbolic_Single,3,0.5309836864471436,0.001528975,
6,Symbolic_Single,4,0.5332446098327637,0.001528975,
6,Symbolic_Single,5,0.5323362350463867,0.001528975,
6,Symbolic_Single,6,0.5325043201446533,0.001528975,
6,Symbolic_Single,7,0.5339486598968506,0.001528975,
6,Symbolic_Single,8,0.5333974361419678,0.001528975,
6,Symbolic_Single,9,0.5332126617431641,0.001528975,
7,Symbolic_Single,0,0.7186172008514404,0.0012020288,
7,Symbolic_Single,1,0.7460639476776123,0.0012020288,
7,Symbolic_Single,2,0.7310333251953125,0.0012020288,
7,Symbolic_Single,3,0.7323265075683594,0.0012020288,
7,Symbolic_Single,4,0.734959602355957,0.0012020288,
7,Symbolic_Single,5,0.7330801486968994,0.0012020288,
7,Symbolic_Single,6,0.7336826324462891,0.0012020288,
7,Symbolic_Single,7,0.7343101501464844,0.0012020288,
7,Symbolic_Single,8,0.7364237308502197,0.0012020288,
7,Symbolic_Single,9,0.7362203598022461,0.0012020288,
8,Symbolic_Single,0,0.9449183940887451,0.0016548191,
8,Symbolic_Single,1,0.9884107112884521,0.0016548191,
8,Symbolic_Single,2,0.9628779888153076,0.0016548191,
8,Symbolic_Single,3,0.9676532745361328,0.0016548191,
8,Symbolic_Single,4,0.9658114910125732,0.0016548191,
8,Symbolic_Single,5,1.1044905185699463,0.0016548191,
8,Symbolic_Single,6,0.9668698310852051,0.0016548191,
8,Symbolic_Single,7,0.9661962985992432,0.0016548191,
8,Symbolic_Single,8,0.9704489707946777,0.0016548191,
8,Symbolic_Single,9,0.9707505702972412,0.0016548191,
9,Symbolic_Single,0,1.1996145248413086,0.0024788713,
9,Symbolic_Single,1,1.2683305740356445,0.0024788713,
9,Symbolic_Single,2,1.2283074855804443,0.0024788713,
9,Symbolic_Single,3,1.231412410736084,0.0024788713,
9,Symbolic_Single,4,1.37760591506958,0.0024788713,
9,Symbolic_Single,5,1.2379181385040283,0.0024788713,
9,Symbolic_Single,6,1.2326123714447021,0.0024788713,
9,Symbolic_Single,7,1.2384917736053467,0.0024788713,
9,Symbolic_Single,8,1.2369978427886963,0.0024788713,
9,Symbolic_Single,9,1.2354707717895508,0.0024788713,
10,Symbolic_Single,0,1.4881951808929443,0.0038443385,
10,Symbolic_Single,1,1.5758185386657715,0.0038443385,
10,Symbolic_Single,2,1.5254592895507812,0.0038443385,
10,Symbolic_Single,3,1.530444860458374,0.0038443385,
10,Symbolic_Single,4,1.533865213394165,0.0038443385,
10,Symbolic_Single,5,1.5414133071899414,0.0038443385,
10,Symbolic_Single,6,1.5350868701934814,0.0038443385,
10,Symbolic_Single,7,1.6809566020965576,0.0038443385,
10,Symbolic_Single,8,1.5380947589874268,0.0038443385,
10,Symbolic_Single,9,1.5558524131774902,0.0038443385,
11,Symbolic_Single,0,1.8071191310882568,0.004466696,
11,Symbolic_Single,1,1.9210326671600342,0.004466696,
11,Symbolic_Single,2,1.8543946743011475,0.004466696,
11,Symbolic_Single,3,2.0189199447631836,0.004466696,
11,Symbolic_Single,4,1.87251615524292,0.004466696,
11,Symbolic_Single,5,1.8711447715759277,0.004466696,
11,Symbolic_Single,6,1.8657846450805664,0.004466696,
11,Symbolic_Single,7,1.867915391921997,0.004466696,
11,Symbolic_Single,8,1.8766024112701416,0.004466696,
11,Symbolic_Single,9,2.038628339767456,0.004466696,
12,Symbolic_Single,0,2.069739818572998,0.0036147477,
12,Symbolic_Single,1,2.203765869140625,0.0036147477,
12,Symbolic_Single,2,2.135152578353882,0.0036147477,
12,Symbolic_Single,3,2.306602716445923,0.0036147477,
12,Symbolic_Single,4,2.1474857330322266,0.0036147477,
12,Symbolic_Single,5,2.1553828716278076,0.0036147477,
12,Symbolic_Single,6,2.144383192062378,0.0036147477,
12,Symbolic_Single,7,2.156050682067871,0.0036147477,
12,Symbolic_Single,8,2.1469461917877197,0.0036147477,
12,Symbolic_Single,9,2.299919366836548,0.0036147477,
13,Symbolic_Single,0,2.5925023555755615,0.0031383557,
13,Symbolic_Single,1,2.6018569469451904,0.0031383557,
13,Symbolic_Single,2,2.5118014812469482,0.0031383557,
13,Symbolic_Single,3,2.5263512134552,0.0031383557,
13,Symbolic_Single,4,2.535529613494873,0.0031383557,
13,Symbolic_Single,5,2.700044631958008,0.0031383557,
13,Symbolic_Single,6,2.525815486907959,0.0031383557,
13,Symbolic_Single,7,2.5380375385284424,0.0031383557,
13,Symbolic_Single,8,2.527073383331299,0.0031383557,
13,Symbolic_Single,9,2.540062665939331,0.0031383557,
14,Symbolic_Single,0,2.9918904304504395,0.0029508586,
14,Symbolic_Single,1,3.0376336574554443,0.0029508586,
14,Symbolic_Single,2,2.9340391159057617,0.0029508586,
14,Symbolic_Single,3,2.943239450454712,0.0029508586,
14,Symbolic_Single,4,3.125135660171509,0.0029508586,
14,Symbolic_Single,5,2.953664779663086,0.0029508586,
14,Symbolic_Single,6,2.9404115676879883,0.0029508586,
14,Symbolic_Single,7,2.959979295730591,0.0029508586,
14,Symbolic_Single,8,3.126032829284668,0.0029508586,
14,Symbolic_Single,9,2.9586892127990723,0.0029508586,
15,Symbolic_Single,0,3.4295761585235596,0.0029511596,
15,Symbolic_Single,1,3.4916832447052,0.0029511596,
15,Symbolic_Single,2,3.3732917308807373,0.0029511596,
15,Symbolic_Single,3,3.389803171157837,0.0029511596,
15,Symbolic_Single,4,3.588857412338257,0.0029511596,
15,Symbolic_Single,5,3.4167323112487793,0.0029511596,
15,Symbolic_Single,6,3.385453462600708,0.0029511596,
15,Symbolic_Single,7,3.3960025310516357,0.0029511596,
15,Symbolic_Single,8,3.579669237136841,0.0029511596,
15,Symbolic_Single,9,3.4071977138519287,0.0029511596,
16,Symbolic_Single,0,3.711329221725464,0.003171061,
16,Symbolic_Single,1,4.2055840492248535,0.003171061,
16,Symbolic_Single,2,3.8522894382476807,0.003171061,
16,Symbolic_Single,3,3.879657506942749,0.003171061,
16,Symbolic_Single,4,3.887622356414795,0.003171061,
16,Symbolic_Single,5,4.097890853881836,0.003171061,
16,Symbolic_Single,6,3.8779914379119873,0.003171061,
16,Symbolic_Single,7,3.8777031898498535,0.003171061,
16,Symbolic_Single,8,3.8727149963378906,0.003171061,
16,Symbolic_Single,9,4.078928232192993,0.003171061,
17,Symbolic_Single,0,4.191429376602173,0.0032591599,
17,Symbolic_Single,1,4.751021862030029,0.0032591599,
17,Symbolic_Single,2,4.36729884147644,0.0032591599,
17,Symbolic_Single,3,4.382313251495361,0.0032591599,
17,Symbolic_Single,4,4.404355764389038,0.0032591599,
17,Symbolic_Single,5,4.622596502304077,0.0032591599,
17,Symbolic_Single,6,4.395349740982056,0.0032591599,
17,Symbolic_Single,7,4.393096208572388,0.0032591599,
17,Symbolic_Single,8,4.619690179824829,0.0032591599,
17,Symbolic_Single,9,4.394115924835205,0.0032591599,
18,Symbolic_Single,0,4.950439929962158,0.0037978129,
18,Symbolic_Single,1,5.111814022064209,0.0037978129,
18,Symbolic_Single,2,4.915421485900879,0.0037978129,
18,Symbolic_Single,3,5.184533357620239,0.0037978129,
18,Symbolic_Single,4,4.960342168807983,0.0037978129,
18,Symbolic_Single,5,4.957270383834839,0.0037978129,
18,Symbolic_Single,6,5.1881489753723145,0.0037978129,
18,Symbolic_Single,7,4.968755722045898,0.0037978129,
18,Symbolic_Single,8,4.9473326206207275,0.0037978129,
18,Symbolic_Single,9,4.954676628112793,0.0037978129,
19,Symbolic_Single,0,5.501768350601196,0.004166557,
19,Symbolic_Single,1,5.695157766342163,0.004166557,
19,Symbolic_Single,2,5.4937872886657715,0.004166557,
19,Symbolic_Single,3,5.765865087509155,0.004166557,
19,Symbolic_Single,4,5.5398430824279785,0.004166557,
19,Symbolic_Single,5,5.541984796524048,0.004166557,
19,Symbolic_Single,6,5.76154637336731,0.004166557,
19,Symbolic_Single,7,5.5230395793914795,0.004166557,
19,Symbolic_Single,8,5.52953577041626,0.004166557,
19,Symbolic_Single,9,5.79939866065979,0.004166557,
20,Symbolic_Single,0,6.092120170593262,0.004453271,
20,Symbolic_Single,1,6.346766471862793,0.004453271,
20,Symbolic_Single,2,6.394557476043701,0.004453271,
20,Symbolic_Single,3,6.131060600280762,0.004453271,
20,Symbolic_Single,4,6.1586949825286865,0.004453271,
20,Symbolic_Single,5,6.154959440231323,0.004453271,
20,Symbolic_Single,6,6.384601831436157,0.004453271,
20,Symbolic_Single,7,6.137232542037964,0.004453271,
20,Symbolic_Single,8,6.138622283935547,0.004453271,
20,Symbolic_Single,9,6.427446126937866,0.004453271,
2,Symbolic_1Step,0,0.05184626579284668,0.0038496545,1.0
2,Symbolic_1Step,1,0.05190324783325195,0.0038496545,1.0
2,Symbolic_1Step,2,0.051868438720703125,0.0038496545,1.0
2,Symbolic_1Step,3,0.0527193546295166,0.0038496545,1.0
2,Symbolic_1Step,4,0.052446603775024414,0.0038496545,1.0
2,Symbolic_1Step,5,0.05180931091308594,0.0038496545,1.0
2,Symbolic_1Step,6,0.05167365074157715,0.0038496545,1.0
2,Symbolic_1Step,7,0.05174684524536133,0.0038496545,1.0
2,Symbolic_1Step,8,0.05185985565185547,0.0038496545,1.0
2,Symbolic_1Step,9,0.05185580253601074,0.0038496545,1.0
3,Symbolic_1Step,0,0.12386679649353027,0.003717497,1.0
3,Symbolic_1Step,1,0.1232144832611084,0.003717497,1.0
3,Symbolic_1Step,2,0.12324166297912598,0.003717497,1.0
3,Symbolic_1Step,3,0.12366485595703125,0.003717497,1.0
3,Symbolic_1Step,4,0.12575626373291016,0.003717497,1.0
3,Symbolic_1Step,5,0.12353181838989258,0.003717497,1.0
3,Symbolic_1Step,6,0.12323236465454102,0.003717497,1.0
3,Symbolic_1Step,7,0.12323379516601562,0.003717497,1.0
3,Symbolic_1Step,8,0.12366986274719238,0.003717497,1.0
3,Symbolic_1Step,9,0.12321090698242188,0.003717497,1.0
3,Symbolic_2Step,0,0.037552833557128906,0.0045685857,2.0
3,Symbolic_2Step,1,0.03739142417907715,0.0045685857,2.0
3,Symbolic_2Step,2,0.03750753402709961,0.0045685857,2.0
3,Symbolic_2Step,3,0.03745841979980469,0.0045685857,2.0
3,Symbolic_2Step,4,0.03737759590148926,0.0045685857,2.0
3,Symbolic_2Step,5,0.03762936592102051,0.0045685857,2.0
3,Symbolic_2Step,6,0.03752779960632324,0.0045685857,2.0
3,Symbolic_2Step,7,0.037397146224975586,0.0045685857,2.0
3,Symbolic_2Step,8,0.03736281394958496,0.0045685857,2.0
3,Symbolic_2Step,9,0.037427425384521484,0.0045685857,2.0
4,Symbolic_1Step,0,0.22742915153503418,0.0027545558,1.0
4,Symbolic_1Step,1,0.2273387908935547,0.0027545558,1.0
4,Symbolic_1Step,2,0.22742128372192383,0.0027545558,1.0
4,Symbolic_1Step,3,0.2283153533935547,0.0027545558,1.0
4,Symbolic_1Step,4,0.22727441787719727,0.0027545558,1.0
4,Symbolic_1Step,5,0.2277693748474121,0.0027545558,1.0
4,Symbolic_1Step,6,0.2273702621459961,0.0027545558,1.0
4,Symbolic_1Step,7,0.2276630401611328,0.0027545558,1.0
4,Symbolic_1Step,8,0.22736263275146484,0.0027545558,1.0
4,Symbolic_1Step,9,0.22737836837768555,0.0027545558,1.0
4,Symbolic_2Step,0,0.10488367080688477,0.0036743737,2.0
4,Symbolic_2Step,1,0.10443854331970215,0.0036743737,2.0
4,Symbolic_2Step,2,0.10459542274475098,0.0036743737,2.0
4,Symbolic_2Step,3,0.10443687438964844,0.0036743737,2.0
4,Symbolic_2Step,4,0.10453009605407715,0.0036743737,2.0
4,Symbolic_2Step,5,0.10454106330871582,0.0036743737,2.0
4,Symbolic_2Step,6,0.10436677932739258,0.0036743737,2.0
4,Symbolic_2Step,7,0.10442328453063965,0.0036743737,2.0
4,Symbolic_2Step,8,0.10446882247924805,0.0036743737,2.0
4,Symbolic_2Step,9,0.10447144508361816,0.0036743737,2.0
4,Symbolic_3Step,0,0.05020713806152344,0.0043585305,3.0
4,Symbolic_3Step,1,0.050043582916259766,0.0043585305,3.0
4,Symbolic_3Step,2,0.04999518394470215,0.0043585305,3.0
4,Symbolic_3Step,3,0.04993176460266113,0.0043585305,3.0
4,Symbolic_3Step,4,0.05000615119934082,0.0043585305,3.0
4,Symbolic_3Step,5,0.050312042236328125,0.0043585305,3.0
4,Symbolic_3Step,6,0.05009770393371582,0.0043585305,3.0
4,Symbolic_3Step,7,0.050084590911865234,0.0043585305,3.0
4,Symbolic_3Step,8,0.05008077621459961,0.0043585305,3.0
4,Symbolic_3Step,9,0.0500638484954834,0.0043585305,3.0
5,Symbolic_1Step,0,0.49527692794799805,0.0022055656,1.0
5,Symbolic_1Step,1,0.36685991287231445,0.0022055656,1.0
5,Symbolic_1Step,2,0.3657724857330322,0.0022055656,1.0
5,Symbolic_1Step,3,0.3663945198059082,0.0022055656,1.0
5,Symbolic_1Step,4,0.3652632236480713,0.0022055656,1.0
5,Symbolic_1Step,5,0.36495375633239746,0.0022055656,1.0
5,Symbolic_1Step,6,0.3655555248260498,0.0022055656,1.0
5,Symbolic_1Step,7,0.3686034679412842,0.0022055656,1.0
5,Symbolic_1Step,8,0.3658590316772461,0.0022055656,1.0
5,Symbolic_1Step,9,0.3658261299133301,0.0022055656,1.0
5,Symbolic_2Step,0,0.11828923225402832,0.0039401567,2.0
5,Symbolic_2Step,1,0.11774015426635742,0.0039401567,2.0
5,Symbolic_2Step,2,0.1176302433013916,0.0039401567,2.0
5,Symbolic_2Step,3,0.11786746978759766,0.0039401567,2.0
5,Symbolic_2Step,4,0.11801552772521973,0.0039401567,2.0
5,Symbolic_2Step,5,0.11797666549682617,0.0039401567,2.0
5,Symbolic_2Step,6,0.11910271644592285,0.0039401567,2.0
5,Symbolic_2Step,7,0.11791872978210449,0.0039401567,2.0
5,Symbolic_2Step,8,0.1179044246673584,0.0039401567,2.0
5,Symbolic_2Step,9,0.11790585517883301,0.0039401567,2.0
5,Symbolic_3Step,0,0.09070086479187012,0.004280623,3.0
5,Symbolic_3Step,1,0.09089875221252441,0.004280623,3.0
5,Symbolic_3Step,2,0.09070539474487305,0.004280623,3.0
5,Symbolic_3Step,3,0.09060025215148926,0.004280623,3.0
5,Symbolic_3Step,4,0.09090852737426758,0.004280623,3.0
5,Symbolic_3Step,5,0.09169363975524902,0.004280623,3.0
5,Symbolic_3Step,6,0.09120702743530273,0.004280623,3.0
5,Symbolic_3Step,7,0.09068965911865234,0.004280623,3.0
5,Symbolic_3Step,8,0.0906522274017334,0.004280623,3.0
5,Symbolic_3Step,9,0.09076833724975586,0.004280623,3.0
6,Symbolic_1Step,0,0.5343351364135742,0.001528975,1.0
6,Symbolic_1Step,1,0.5339176654815674,0.001528975,1.0
6,Symbolic_1Step,2,0.5338876247406006,0.001528975,1.0
6,Symbolic_1Step,3,0.5338137149810791,0.001528975,1.0
6,Symbolic_1Step,4,0.5348689556121826,0.001528975,1.0
6,Symbolic_1Step,5,0.5332300662994385,0.001528975,1.0
6,Symbolic_1Step,6,0.6657650470733643,0.001528975,1.0
6,Symbolic_1Step,7,0.5341954231262207,0.001528975,1.0
6,Symbolic_1Step,8,0.5347023010253906,0.001528975,1.0
6,Symbolic_1Step,9,0.5337097644805908,0.001528975,1.0
6,Symbolic_2Step,0,0.25194883346557617,0.0027303605,2.0
6,Symbolic_2Step,1,0.25201916694641113,0.0027303605,2.0
6,Symbolic_2Step,2,0.2507004737854004,0.0027303605,2.0
6,Symbolic_2Step,3,0.25014638900756836,0.0027303605,2.0
6,Symbolic_2Step,4,0.25083470344543457,0.0027303605,2.0
6,Symbolic_2Step,5,0.25012922286987305,0.0027303605,2.0
6,Symbolic_2Step,6,0.25118541717529297,0.0027303605,2.0
6,Symbolic_2Step,7,0.2506978511810303,0.0027303605,2.0
6,Symbolic_2Step,8,0.2510716915130615,0.0027303605,2.0
6,Symbolic_2Step,9,0.2507603168487549,0.0027303605,2.0
6,Symbolic_3Step,0,0.15906429290771484,0.0032779789,3.0
6,Symbolic_3Step,1,0.15876531600952148,0.0032779789,3.0
6,Symbolic_3Step,2,0.15897011756896973,0.0032779789,3.0
6,Symbolic_3Step,3,0.16056227684020996,0.0032779789,3.0
6,Symbolic_3Step,4,0.15861296653747559,0.0032779789,3.0
6,Symbolic_3Step,5,0.1589365005493164,0.0032779789,3.0
6,Symbolic_3Step,6,0.15918445587158203,0.0032779789,3.0
6,Symbolic_3Step,7,0.15883374214172363,0.0032779789,3.0
6,Symbolic_3Step,8,0.1588578224182129,0.0032779789,3.0
6,Symbolic_3Step,9,0.1596848964691162,0.0032779789,3.0
6,Symbolic_5Step,0,0.07613301277160645,0.004319503,5.0
6,Symbolic_5Step,1,0.07588601112365723,0.004319503,5.0
6,Symbolic_5Step,2,0.07594060897827148,0.004319503,5.0
6,Symbolic_5Step,3,0.07557821273803711,0.004319503,5.0
6,Symbolic_5Step,4,0.07565522193908691,0.004319503,5.0
6,Symbolic_5Step,5,0.07549285888671875,0.004319503,5.0
6,Symbolic_5Step,6,0.0756523609161377,0.004319503,5.0
6,Symbolic_5Step,7,0.07579183578491211,0.004319503,5.0
6,Symbolic_5Step,8,0.0757145881652832,0.004319503,5.0
6,Symbolic_5Step,9,0.07588076591491699,0.004319503,5.0
7,Symbolic_1Step,0,0.7371973991394043,0.0012020288,1.0
7,Symbolic_1Step,1,0.7366812229156494,0.0012020288,1.0
7,Symbolic_1Step,2,0.7516319751739502,0.0012020288,1.0
7,Symbolic_1Step,3,0.8715376853942871,0.0012020288,1.0
7,Symbolic_1Step,4,0.7357709407806396,0.0012020288,1.0
7,Symbolic_1Step,5,0.7391993999481201,0.0012020288,1.0
7,Symbolic_1Step,6,0.7406861782073975,0.0012020288,1.0
7,Symbolic_1Step,7,0.7418434619903564,0.0012020288,1.0
7,Symbolic_1Step,8,0.7382926940917969,0.0012020288,1.0
7,Symbolic_1Step,9,0.7368252277374268,0.0012020288,1.0
7,Symbolic_2Step,0,0.2667200565338135,0.0027542391,2.0
7,Symbolic_2Step,1,0.26497840881347656,0.0027542391,2.0
7,Symbolic_2Step,2,0.26474571228027344,0.0027542391,2.0
7,Symbolic_2Step,3,0.2650184631347656,0.0027542391,2.0
7,Symbolic_2Step,4,0.2648603916168213,0.0027542391,2.0
7,Symbolic_2Step,5,0.2654075622558594,0.0027542391,2.0
7,Symbolic_2Step,6,0.26511502265930176,0.0027542391,2.0
7,Symbolic_2Step,7,0.2647130489349365,0.0027542391,2.0
7,Symbolic_2Step,8,0.266704797744751,0.0027542391,2.0
7,Symbolic_2Step,9,0.26621198654174805,0.0027542391,2.0
7,Symbolic_3Step,0,0.17220759391784668,0.0032884835,3.0
7,Symbolic_3Step,1,0.17203617095947266,0.0032884835,3.0
7,Symbolic_3Step,2,0.17194175720214844,0.0032884835,3.0
7,Symbolic_3Step,3,0.17220830917358398,0.0032884835,3.0
7,Symbolic_3Step,4,0.17316102981567383,0.0032884835,3.0
7,Symbolic_3Step,5,0.17239856719970703,0.0032884835,3.0
7,Symbolic_3Step,6,0.1718459129333496,0.0032884835,3.0
7,Symbolic_3Step,7,0.17188000679016113,0.0032884835,3.0
7,Symbolic_3Step,8,0.17212677001953125,0.0032884835,3.0
7,Symbolic_3Step,9,0.172041654586792,0.0032884835,3.0
7,Symbolic_5Step,0,0.11661052703857422,0.0044234633,5.0
7,Symbolic_5Step,1,0.11725544929504395,0.0044234633,5.0
7,Symbolic_5Step,2,0.11653566360473633,0.0044234633,5.0
7,Symbolic_5Step,3,0.11636519432067871,0.0044234633,5.0
7,Symbolic_5Step,4,0.11660218238830566,0.0044234633,5.0
7,Symbolic_5Step,5,0.11648249626159668,0.0044234633,5.0
7,Symbolic_5Step,6,0.11636042594909668,0.0044234633,5.0
7,Symbolic_5Step,7,0.11646556854248047,0.0044234633,5.0
7,Symbolic_5Step,8,0.11694025993347168,0.0044234633,5.0
7,Symbolic_5Step,9,0.1168060302734375,0.0044234633,5.0
8,Symbolic_1Step,0,0.9714372158050537,0.0016548191,1.0
8,Symbolic_1Step,1,0.9704456329345703,0.0016548191,1.0
8,Symbolic_1Step,2,0.9737865924835205,0.0016548191,1.0
8,Symbolic_1Step,3,0.9714906215667725,0.0016548191,1.0
8,Symbolic_1Step,4,0.9695172309875488,0.0016548191,1.0
8,Symbolic_1Step,5,0.9671144485473633,0.0016548191,1.0
8,Symbolic_1Step,6,0.9705157279968262,0.0016548191,1.0
8,Symbolic_1Step,7,1.1060764789581299,0.0016548191,1.0
8,Symbolic_1Step,8,0.9764838218688965,0.0016548191,1.0
8,Symbolic_1Step,9,0.9679610729217529,0.0016548191,1.0
8,Symbolic_2Step,0,0.46419453620910645,0.0025819924,2.0
8,Symbolic_2Step,1,0.46405577659606934,0.0025819924,2.0
8,Symbolic_2Step,2,0.46655964851379395,0.0025819924,2.0
8,Symbolic_2Step,3,0.4639420509338379,0.0025819924,2.0
8,Symbolic_2Step,4,0.46495914459228516,0.0025819924,2.0
8,Symbolic_2Step,5,0.4640336036682129,0.0025819924,2.0
8,Symbolic_2Step,6,0.46469688415527344,0.0025819924,2.0
8,Symbolic_2Step,7,0.4659276008605957,0.0025819924,2.0
8,Symbolic_2Step,8,0.46471476554870605,0.0025819924,2.0
8,Symbolic_2Step,9,0.46412229537963867,0.0025819924,2.0
8,Symbolic_3Step,0,0.2137126922607422,0.0041095777,3.0
8,Symbolic_3Step,1,0.21265888214111328,0.0041095777,3.0
8,Symbolic_3Step,2,0.21271109580993652,0.0041095777,3.0
8,Symbolic_3Step,3,0.21260690689086914,0.0041095777,3.0
8,Symbolic_3Step,4,0.21245336532592773,0.0041095777,3.0
8,Symbolic_3Step,5,0.21262454986572266,0.0041095777,3.0
8,Symbolic_3Step,6,0.21485590934753418,0.0041095777,3.0
8,Symbolic_3Step,7,0.21260905265808105,0.0041095777,3.0
8,Symbolic_3Step,8,0.2131803035736084,0.0041095777,3.0
8,Symbolic_3Step,9,0.21287250518798828,0.0041095777,3.0
8,Symbolic_5Step,0,0.19142627716064453,0.0049800663,5.0
8,Symbolic_5Step,1,0.1915278434753418,0.0049800663,5.0
8,Symbolic_5Step,2,0.19052934646606445,0.0049800663,5.0
8,Symbolic_5Step,3,0.19045376777648926,0.0049800663,5.0
8,Symbolic_5Step,4,0.19034552574157715,0.0049800663,5.0
8,Symbolic_5Step,5,0.1906108856201172,0.0049800663,5.0
8,Symbolic_5Step,6,0.19023346900939941,0.0049800663,5.0
8,Symbolic_5Step,7,0.19042277336120605,0.0049800663,5.0
8,Symbolic_5Step,8,0.19010686874389648,0.0049800663,5.0
8,Symbolic_5Step,9,0.19039487838745117,0.0049800663,5.0
9,Symbolic_1Step,0,1.2397983074188232,0.0024788713,1.0
9,Symbolic_1Step,1,1.2344276905059814,0.0024788713,1.0
9,Symbolic_1Step,2,1.2416460514068604,0.0024788713,1.0
9,Symbolic_1Step,3,1.385244369506836,0.0024788713,1.0
9,Symbolic_1Step,4,1.2466144561767578,0.0024788713,1.0
9,Symbolic_1Step,5,1.2458350658416748,0.0024788713,1.0
9,Symbolic_1Step,6,1.2590243816375732,0.0024788713,1.0
9,Symbolic_1Step,7,1.2388384342193604,0.0024788713,1.0
9,Symbolic_1Step,8,1.237976312637329,0.0024788713,1.0
9,Symbolic_1Step,9,1.2423555850982666,0.0024788713,1.0
9,Symbolic_2Step,0,0.48166656494140625,0.004117445,2.0
9,Symbolic_2Step,1,0.48023104667663574,0.004117445,2.0
9,Symbolic_2Step,2,0.4825165271759033,0.004117445,2.0
9,Symbolic_2Step,3,0.4887559413909912,0.004117445,2.0
9,Symbolic_2Step,4,0.48175787925720215,0.004117445,2.0
9,Symbolic_2Step,5,0.48081231117248535,0.004117445,2.0
9,Symbolic_2Step,6,0.4808077812194824,0.004117445,2.0
9,Symbolic_2Step,7,0.48027467727661133,0.004117445,2.0
9,Symbolic_2Step,8,0.4813840389251709,0.004117445,2.0
9,Symbolic_2Step,9,0.4813721179962158,0.004117445,2.0
9,Symbolic_3Step,0,0.383495569229126,0.0044358866,3.0
9,Symbolic_3Step,1,0.38237452507019043,0.0044358866,3.0
9,Symbolic_3Step,2,0.3824629783630371,0.0044358866,3.0
9,Symbolic_3Step,3,0.3841845989227295,0.0044358866,3.0
9,Symbolic_3Step,4,0.38202667236328125,0.0044358866,3.0
9,Symbolic_3Step,5,0.3820679187774658,0.0044358866,3.0
9,Symbolic_3Step,6,0.383603572845459,0.0044358866,3.0
9,Symbolic_3Step,7,0.3816077709197998,0.0044358866,3.0
9,Symbolic_3Step,8,0.3837008476257324,0.0044358866,3.0
9,Symbolic_3Step,9,0.3858013153076172,0.0044358866,3.0
9,Symbolic_5Step,0,0.2982168197631836,0.0057176454,5.0
9,Symbolic_5Step,1,0.2987329959869385,0.0057176454,5.0
9,Symbolic_5Step,2,0.29808759689331055,0.0057176454,5.0
9,Symbolic_5Step,3,0.2983129024505615,0.0057176454,5.0
9,Symbolic_5Step,4,0.29924535751342773,0.0057176454,5.0
9,Symbolic_5Step,5,0.29869914054870605,0.0057176454,5.0
9,Symbolic_5Step,6,0.29859375953674316,0.0057176454,5.0
9,Symbolic_5Step,7,0.4409346580505371,0.0057176454,5.0
9,Symbolic_5Step,8,0.29838085174560547,0.0057176454,5.0
9,Symbolic_5Step,9,0.29880595207214355,0.0057176454,5.0
10,Symbolic_1Step,0,1.5440821647644043,0.0038443385,1.0
10,Symbolic_1Step,1,1.5395188331604004,0.0038443385,1.0
10,Symbolic_1Step,2,1.5446276664733887,0.0038443385,1.0
10,Symbolic_1Step,3,1.5445606708526611,0.0038443385,1.0
10,Symbolic_1Step,4,1.6890809535980225,0.0038443385,1.0
10,Symbolic_1Step,5,1.5443978309631348,0.0038443385,1.0
10,Symbolic_1Step,6,1.5508100986480713,0.0038443385,1.0
10,Symbolic_1Step,7,1.5491735935211182,0.0038443385,1.0
10,Symbolic_1Step,8,1.547989845275879,0.0038443385,1.0
10,Symbolic_1Step,9,1.5402100086212158,0.0038443385,1.0
10,Symbolic_2Step,0,0.7465100288391113,0.0052308547,2.0
10,Symbolic_2Step,1,0.7475180625915527,0.0052308547,2.0
10,Symbolic_2Step,2,0.7492737770080566,0.0052308547,2.0
10,Symbolic_2Step,3,0.7467288970947266,0.0052308547,2.0
10,Symbolic_2Step,4,0.8924558162689209,0.0052308547,2.0
10,Symbolic_2Step,5,0.7484912872314453,0.0052308547,2.0
10,Symbolic_2Step,6,0.7465484142303467,0.0052308547,2.0
10,Symbolic_2Step,7,0.7472634315490723,0.0052308547,2.0
10,Symbolic_2Step,8,0.7481777667999268,0.0052308547,2.0
10,Symbolic_2Step,9,0.7507455348968506,0.0052308547,2.0
10,Symbolic_3Step,0,0.39942216873168945,0.0079912525,3.0
10,Symbolic_3Step,1,0.39600658416748047,0.0079912525,3.0
10,Symbolic_3Step,2,0.39607930183410645,0.0079912525,3.0
10,Symbolic_3Step,3,0.39604759216308594,0.0079912525,3.0
10,Symbolic_3Step,4,0.40060901641845703,0.0079912525,3.0
10,Symbolic_3Step,5,0.3957197666168213,0.0079912525,3.0
10,Symbolic_3Step,6,0.3959188461303711,0.0079912525,3.0
10,Symbolic_3Step,7,0.395355224609375,0.0079912525,3.0
10,Symbolic_3Step,8,0.39598679542541504,0.0079912525,3.0
10,Symbolic_3Step,9,0.3953065872192383,0.0079912525,3.0
10,Symbolic_5Step,0,0.2678413391113281,0.009279957,5.0
10,Symbolic_5Step,1,0.26938509941101074,0.009279957,5.0
10,Symbolic_5Step,2,0.2670159339904785,0.009279957,5.0
10,Symbolic_5Step,3,0.2683444023132324,0.009279957,5.0
10,Symbolic_5Step,4,0.26877689361572266,0.009279957,5.0
10,Symbolic_5Step,5,0.2676665782928467,0.009279957,5.0
10,Symbolic_5Step,6,0.26648378372192383,0.009279957,5.0
10,Symbolic_5Step,7,0.2670767307281494,0.009279957,5.0
10,Symbolic_5Step,8,0.26703906059265137,0.009279957,5.0
10,Symbolic_5Step,9,0.2810094356536865,0.009279957,5.0
11,Symbolic_1Step,0,1.8734381198883057,0.004466696,1.0
11,Symbolic_1Step,1,1.8766930103302002,0.004466696,1.0
11,Symbolic_1Step,2,1.8824355602264404,0.004466696,1.0
11,Symbolic_1Step,3,1.8891830444335938,0.004466696,1.0
11,Symbolic_1Step,4,1.8747918605804443,0.004466696,1.0
11,Symbolic_1Step,5,2.025158405303955,0.004466696,1.0
11,Symbolic_1Step,6,1.882033109664917,0.004466696,1.0
11,Symbolic_1Step,7,1.8849139213562012,0.004466696,1.0
11,Symbolic_1Step,8,1.8742222785949707,0.004466696,1.0
11,Symbolic_1Step,9,1.880321741104126,0.004466696,1.0
11,Symbolic_2Step,0,0.7696995735168457,0.00824197,2.0
11,Symbolic_2Step,1,0.7661638259887695,0.00824197,2.0
11,Symbolic_2Step,2,0.7645299434661865,0.00824197,2.0
11,Symbolic_2Step,3,0.7652192115783691,0.00824197,2.0
11,Symbolic_2Step,4,0.7699229717254639,0.00824197,2.0
11,Symbolic_2Step,5,0.7684042453765869,0.00824197,2.0
11,Symbolic_2Step,6,0.9192075729370117,0.00824197,2.0
11,Symbolic_2Step,7,0.7658693790435791,0.00824197,2.0
11,Symbolic_2Step,8,0.7665104866027832,0.00824197,2.0
11,Symbolic_2Step,9,0.7666976451873779,0.00824197,2.0
11,Symbolic_3Step,0,0.4434797763824463,0.010616735,3.0
11,Symbolic_3Step,1,0.44036316871643066,0.010616735,3.0
11,Symbolic_3Step,2,0.4397602081298828,0.010616735,3.0
11,Symbolic_3Step,3,0.4406406879425049,0.010616735,3.0
11,Symbolic_3Step,4,0.43930697441101074,0.010616735,3.0
11,Symbolic_3Step,5,0.43935537338256836,0.010616735,3.0
11,Symbolic_3Step,6,0.43952059745788574,0.010616735,3.0
11,Symbolic_3Step,7,0.4398829936981201,0.010616735,3.0
11,Symbolic_3Step,8,0.4405486583709717,0.010616735,3.0
11,Symbolic_3Step,9,0.44005846977233887,0.010616735,3.0
11,Symbolic_5Step,0,0.2803313732147217,0.014337521,5.0
11,Symbolic_5Step,1,0.28044891357421875,0.014337521,5.0
11,Symbolic_5Step,2,0.2796897888183594,0.014337521,5.0
11,Symbolic_5Step,3,0.28240132331848145,0.014337521,5.0
11,Symbolic_5Step,4,0.279712438583374,0.014337521,5.0
11,Symbolic_5Step,5,0.2793126106262207,0.014337521,5.0
11,Symbolic_5Step,6,0.27932024002075195,0.014337521,5.0
11,Symbolic_5Step,7,0.2806687355041504,0.014337521,5.0
11,Symbolic_5Step,8,0.2796201705932617,0.014337521,5.0
11,Symbolic_5Step,9,0.27904272079467773,0.014337521,5.0
12,Symbolic_1Step,0,2.146709680557251,0.0036147477,1.0
12,Symbolic_1Step,1,2.1560630798339844,0.0036147477,1.0
12,Symbolic_1Step,2,2.152921676635742,0.0036147477,1.0
12,Symbolic_1Step,3,2.156017541885376,0.0036147477,1.0
12,Symbolic_1Step,4,2.312105894088745,0.0036147477,1.0
12,Symbolic_1Step,5,2.1472508907318115,0.0036147477,1.0
12,Symbolic_1Step,6,2.153630256652832,0.0036147477,1.0
12,Symbolic_1Step,7,2.1529107093811035,0.0036147477,1.0
12,Symbolic_1Step,8,2.152798891067505,0.0036147477,1.0
12,Symbolic_1Step,9,2.1550681591033936,0.0036147477,1.0
12,Symbolic_2Step,0,1.0580627918243408,0.0061021037,2.0
12,Symbolic_2Step,1,1.2080891132354736,0.0061021037,2.0
12,Symbolic_2Step,2,1.0537991523742676,0.0061021037,2.0
12,Symbolic_2Step,3,1.0533549785614014,0.0061021037,2.0
12,Symbolic_2Step,4,1.0554897785186768,0.0061021037,2.0
12,Symbolic_2Step,5,1.0841686725616455,0.0061021037,2.0
12,Symbolic_2Step,6,1.0530409812927246,0.0061021037,2.0
12,Symbolic_2Step,7,1.0573620796203613,0.0061021037,2.0
12,Symbolic_2Step,8,1.0546159744262695,0.0061021037,2.0
12,Symbolic_2Step,9,1.0555663108825684,0.0061021037,2.0
12,Symbolic_3Step,0,0.684330940246582,0.008206773,3.0
12,Symbolic_3Step,1,0.6827473640441895,0.008206773,3.0
12,Symbolic_3Step,2,0.6840367317199707,0.008206773,3.0
12,Symbolic_3Step,3,0.6866865158081055,0.008206773,3.0
12,Symbolic_3Step,4,0.6855807304382324,0.008206773,3.0
12,Symbolic_3Step,5,0.6870651245117188,0.008206773,3.0
12,Symbolic_3Step,6,0.6849977970123291,0.008206773,3.0
12,Symbolic_3Step,7,0.6874258518218994,0.008206773,3.0
12,Symbolic_3Step,8,0.6839017868041992,0.008206773,3.0
12,Symbolic_3Step,9,0.6835243701934814,0.008206773,3.0
12,Symbolic_5Step,0,0.31198978424072266,0.016118662,5.0
12,Symbolic_5Step,1,0.31264495849609375,0.016118662,5.0
12,Symbolic_5Step,2,0.311063289642334,0.016118662,5.0
12,Symbolic_5Step,3,0.31181931495666504,0.016118662,5.0
12,Symbolic_5Step,4,0.31232714653015137,0.016118662,5.0
12,Symbolic_5Step,5,0.31163787841796875,0.016118662,5.0
12,Symbolic_5Step,6,0.31136369705200195,0.016118662,5.0
12,Symbolic_5Step,7,0.31142187118530273,0.016118662,5.0
12,Symbolic_5Step,8,0.3125605583190918,0.016118662,5.0
12,Symbolic_5Step,9,0.3115534782409668,0.016118662,5.0
13,Symbolic_1Step,0,2.7036962509155273,0.0031383557,1.0
13,Symbolic_1Step,1,2.5415940284729004,0.0031383557,1.0
13,Symbolic_1Step,2,2.543032169342041,0.0031383557,1.0
13,Symbolic_1Step,3,2.5288491249084473,0.0031383557,1.0
13,Symbolic_1Step,4,2.705292224884033,0.0031383557,1.0
13,Symbolic_1Step,5,2.540043830871582,0.0031383557,1.0
13,Symbolic_1Step,6,2.5410397052764893,0.0031383557,1.0
13,Symbolic_1Step,7,2.5345401763916016,0.0031383557,1.0
13,Symbolic_1Step,8,2.5423028469085693,0.0031383557,1.0
13,Symbolic_1Step,9,2.723921537399292,0.0031383557,1.0
13,Symbolic_2Step,0,1.0754647254943848,0.0072316676,2.0
13,Symbolic_2Step,1,1.0779740810394287,0.0072316676,2.0
13,Symbolic_2Step,2,1.0735130310058594,0.0072316676,2.0
13,Symbolic_2Step,3,1.075667142868042,0.0072316676,2.0
13,Symbolic_2Step,4,1.0746123790740967,0.0072316676,2.0
13,Symbolic_2Step,5,1.0739245414733887,0.0072316676,2.0
13,Symbolic_2Step,6,1.0746335983276367,0.0072316676,2.0
13,Symbolic_2Step,7,1.0739233493804932,0.0072316676,2.0
13,Symbolic_2Step,8,1.0743043422698975,0.0072316676,2.0
13,Symbolic_2Step,9,1.0754876136779785,0.0072316676,2.0
13,Symbolic_3Step,0,0.6990621089935303,0.009942047,3.0
13,Symbolic_3Step,1,0.6988027095794678,0.009942047,3.0
13,Symbolic_3Step,2,0.6990485191345215,0.009942047,3.0
13,Symbolic_3Step,3,0.7003569602966309,0.009942047,3.0
13,Symbolic_3Step,4,0.7030224800109863,0.009942047,3.0
13,Symbolic_3Step,5,0.7037210464477539,0.009942047,3.0
13,Symbolic_3Step,6,0.7018642425537109,0.009942047,3.0
13,Symbolic_3Step,7,0.702277660369873,0.009942047,3.0
13,Symbolic_3Step,8,0.7044095993041992,0.009942047,3.0
13,Symbolic_3Step,9,0.7000570297241211,0.009942047,3.0
13,Symbolic_5Step,0,0.3878796100616455,0.016111908,5.0
13,Symbolic_5Step,1,0.3853137493133545,0.016111908,5.0
13,Symbolic_5Step,2,0.3869597911834717,0.016111908,5.0
13,Symbolic_5Step,3,0.38724493980407715,0.016111908,5.0
13,Symbolic_5Step,4,0.3853912353515625,0.016111908,5.0
13,Symbolic_5Step,5,0.38647007942199707,0.016111908,5.0
13,Symbolic_5Step,6,0.3866722583770752,0.016111908,5.0
13,Symbolic_5Step,7,0.3853776454925537,0.016111908,5.0
13,Symbolic_5Step,8,0.38550257682800293,0.016111908,5.0
13,Symbolic_5Step,9,0.3852076530456543,0.016111908,5.0
14,Symbolic_1Step,0,2.948155403137207,0.0029508586,1.0
14,Symbolic_1Step,1,2.946791887283325,0.0029508586,1.0
14,Symbolic_1Step,2,2.955612897872925,0.0029508586,1.0
14,Symbolic_1Step,3,3.127492666244507,0.0029508586,1.0
14,Symbolic_1Step,4,2.9526419639587402,0.0029508586,1.0
14,Symbolic_1Step,5,2.95527720451355,0.0029508586,1.0
14,Symbolic_1Step,6,2.9564647674560547,0.0029508586,1.0
14,Symbolic_1Step,7,3.154557466506958,0.0029508586,1.0
14,Symbolic_1Step,8,2.9622926712036133,0.0029508586,1.0
14,Symbolic_1Step,9,2.954545736312866,0.0029508586,1.0
14,Symbolic_2Step,0,1.4610600471496582,0.0056808344,2.0
14,Symbolic_2Step,1,1.4595580101013184,0.0056808344,2.0
14,Symbolic_2Step,2,1.459451675415039,0.0056808344,2.0
14,Symbolic_2Step,3,1.635925531387329,0.0056808344,2.0
14,Symbolic_2Step,4,1.4600603580474854,0.0056808344,2.0
14,Symbolic_2Step,5,1.4681978225708008,0.0056808344,2.0
14,Symbolic_2Step,6,1.4604785442352295,0.0056808344,2.0
14,Symbolic_2Step,7,1.4631860256195068,0.0056808344,2.0
14,Symbolic_2Step,8,1.4621069431304932,0.0056808344,2.0
14,Symbolic_2Step,9,1.4624624252319336,0.0056808344,2.0
14,Symbolic_3Step,0,0.7424688339233398,0.011835692,3.0
14,Symbolic_3Step,1,0.7436225414276123,0.011835692,3.0
14,Symbolic_3Step,2,0.7420947551727295,0.011835692,3.0
14,Symbolic_3Step,3,0.7424483299255371,0.011835692,3.0
14,Symbolic_3Step,4,0.7409505844116211,0.011835692,3.0
14,Symbolic_3Step,5,0.7425720691680908,0.011835692,3.0
14,Symbolic_3Step,6,0.7420525550842285,0.011835692,3.0
14,Symbolic_3Step,7,0.7422454357147217,0.011835692,3.0
14,Symbolic_3Step,8,0.7435214519500732,0.011835692,3.0
14,Symbolic_3Step,9,0.743800163269043,0.011835692,3.0
14,Symbolic_5Step,0,0.49056243896484375,0.015835283,5.0
14,Symbolic_5Step,1,0.4920055866241455,0.015835283,5.0
14,Symbolic_5Step,2,0.4948446750640869,0.015835283,5.0
14,Symbolic_5Step,3,0.4925265312194824,0.015835283,5.0
14,Symbolic_5Step,4,0.4920022487640381,0.015835283,5.0
14,Symbolic_5Step,5,0.49159932136535645,0.015835283,5.0
14,Symbolic_5Step,6,0.49126362800598145,0.015835283,5.0
14,Symbolic_5Step,7,0.4935576915740967,0.015835283,5.0
14,Symbolic_5Step,8,0.49104762077331543,0.015835283,5.0
14,Symbolic_5Step,9,0.49289798736572266,0.015835283,5.0
15,Symbolic_1Step,0,3.397641658782959,0.0029511596,1.0
15,Symbolic_1Step,1,3.3974642753601074,0.0029511596,1.0
15,Symbolic_1Step,2,3.585777759552002,0.0029511596,1.0
15,Symbolic_1Step,3,3.4074723720550537,0.0029511596,1.0
15,Symbolic_1Step,4,3.405644655227661,0.0029511596,1.0
15,Symbolic_1Step,5,3.602121591567993,0.0029511596,1.0
15,Symbolic_1Step,6,3.409928321838379,0.0029511596,1.0
15,Symbolic_1Step,7,3.4029343128204346,0.0029511596,1.0
15,Symbolic_1Step,8,3.4038703441619873,0.0029511596,1.0
15,Symbolic_1Step,9,3.5963339805603027,0.0029511596,1.0
15,Symbolic_2Step,0,1.4908909797668457,0.008080432,2.0
15,Symbolic_2Step,1,1.4867050647735596,0.008080432,2.0
15,Symbolic_2Step,2,1.486464262008667,0.008080432,2.0
15,Symbolic_2Step,3,1.4875884056091309,0.008080432,2.0
15,Symbolic_2Step,4,1.4868457317352295,0.008080432,2.0
15,Symbolic_2Step,5,1.489999532699585,0.008080432,2.0
15,Symbolic_2Step,6,1.488100290298462,0.008080432,2.0
15,Symbolic_2Step,7,1.4886672496795654,0.008080432,2.0
15,Symbolic_2Step,8,1.4900414943695068,0.008080432,2.0
15,Symbolic_2Step,9,1.490548849105835,0.008080432,2.0
15,Symbolic_3Step,0,1.1086807250976562,0.0096112555,3.0
15,Symbolic_3Step,1,1.103774070739746,0.0096112555,3.0
15,Symbolic_3Step,2,1.2947587966918945,0.0096112555,3.0
15,Symbolic_3Step,3,1.1065349578857422,0.0096112555,3.0
15,Symbolic_3Step,4,1.106642246246338,0.0096112555,3.0
15,Symbolic_3Step,5,1.1090617179870605,0.0096112555,3.0
15,Symbolic_3Step,6,1.1124053001403809,0.0096112555,3.0
15,Symbolic_3Step,7,1.1113731861114502,0.0096112555,3.0
15,Symbolic_3Step,8,1.106698989868164,0.0096112555,3.0
15,Symbolic_3Step,9,1.1081526279449463,0.0096112555,3.0
15,Symbolic_5Step,0,0.6299688816070557,0.01797792,5.0
15,Symbolic_5Step,1,0.6263329982757568,0.01797792,5.0
15,Symbolic_5Step,2,0.629601240158081,0.01797792,5.0
15,Symbolic_5Step,3,0.6264586448669434,0.01797792,5.0
15,Symbolic_5Step,4,0.6276090145111084,0.01797792,5.0
15,Symbolic_5Step,5,0.6269457340240479,0.01797792,5.0
15,Symbolic_5Step,6,0.6320292949676514,0.01797792,5.0
15,Symbolic_5Step,7,0.6271476745605469,0.01797792,5.0
15,Symbolic_5Step,8,0.6267800331115723,0.01797792,5.0
15,Symbolic_5Step,9,0.6260149478912354,0.01797792,5.0
16,Symbolic_1Step,0,3.8787448406219482,0.003171061,1.0
16,Symbolic_1Step,1,3.8715264797210693,0.003171061,1.0
16,Symbolic_1Step,2,3.8855140209198,0.003171061,1.0
16,Symbolic_1Step,3,4.085448741912842,0.003171061,1.0
16,Symbolic_1Step,4,3.8931031227111816,0.003171061,1.0
16,Symbolic_1Step,5,3.883056163787842,0.003171061,1.0
16,Symbolic_1Step,6,4.086477994918823,0.003171061,1.0
16,Symbolic_1Step,7,3.8943145275115967,0.003171061,1.0
16,Symbolic_1Step,8,3.8862454891204834,0.003171061,1.0
16,Symbolic_1Step,9,3.8906729221343994,0.003171061,1.0
16,Symbolic_2Step,0,1.9409973621368408,0.0069020097,2.0
16,Symbolic_2Step,1,2.137418031692505,0.0069020097,2.0
16,Symbolic_2Step,2,1.9349303245544434,0.0069020097,2.0
16,Symbolic_2Step,3,1.9370217323303223,0.0069020097,2.0
16,Symbolic_2Step,4,1.9346675872802734,0.0069020097,2.0
16,Symbolic_2Step,5,1.9325406551361084,0.0069020097,2.0
16,Symbolic_2Step,6,1.9340250492095947,0.0069020097,2.0
16,Symbolic_2Step,7,1.9371273517608643,0.0069020097,2.0
16,Symbolic_2Step,8,1.9370741844177246,0.0069020097,2.0
16,Symbolic_2Step,9,1.9350957870483398,0.0069020097,2.0
16,Symbolic_3Step,0,1.3262214660644531,0.015742354,3.0
16,Symbolic_3Step,1,1.1222665309906006,0.015742354,3.0
16,Symbolic_3Step,2,1.125213623046875,0.015742354,3.0
16,Symbolic_3Step,3,1.123671054840088,0.015742354,3.0
16,Symbolic_3Step,4,1.1234335899353027,0.015742354,3.0
16,Symbolic_3Step,5,1.1241960525512695,0.015742354,3.0
16,Symbolic_3Step,6,1.1222219467163086,0.015742354,3.0
16,Symbolic_3Step,7,1.1250741481781006,0.015742354,3.0
16,Symbolic_3Step,8,1.1255550384521484,0.015742354,3.0
16,Symbolic_3Step,9,1.1250193119049072,0.015742354,3.0
16,Symbolic_5Step,0,0.6430962085723877,0.029225491,5.0
16,Symbolic_5Step,1,0.641106367111206,0.029225491,5.0
16,Symbolic_5Step,2,0.641033411026001,0.029225491,5.0
16,Symbolic_5Step,3,0.6412720680236816,0.029225491,5.0
16,Symbolic_5Step,4,0.6416752338409424,0.029225491,5.0
16,Symbolic_5Step,5,0.6438379287719727,0.029225491,5.0
16,Symbolic_5Step,6,0.6432859897613525,0.029225491,5.0
16,Symbolic_5Step,7,0.6452414989471436,0.029225491,5.0
16,Symbolic_5Step,8,0.6427607536315918,0.029225491,5.0
16,Symbolic_5Step,9,0.6456019878387451,0.029225491,5.0
17,Symbolic_1Step,0,4.394172191619873,0.0032591599,1.0
17,Symbolic_1Step,1,4.385836839675903,0.0032591599,1.0
17,Symbolic_1Step,2,4.619658470153809,0.0032591599,1.0
17,Symbolic_1Step,3,4.414259910583496,0.0032591599,1.0
17,Symbolic_1Step,4,4.405379056930542,0.0032591599,1.0
17,Symbolic_1Step,5,4.646585464477539,0.0032591599,1.0
17,Symbolic_1Step,6,4.408937454223633,0.0032591599,1.0
17,Symbolic_1Step,7,4.4013988971710205,0.0032591599,1.0
17,Symbolic_1Step,8,4.4069437980651855,0.0032591599,1.0
17,Symbolic_1Step,9,4.629873275756836,0.0032591599,1.0
17,Symbolic_2Step,0,1.968559741973877,0.011247547,2.0
17,Symbolic_2Step,1,1.9650719165802002,0.011247547,2.0
17,Symbolic_2Step,2,1.9700477123260498,0.011247547,2.0
17,Symbolic_2Step,3,1.965893268585205,0.011247547,2.0
17,Symbolic_2Step,4,1.9688215255737305,0.011247547,2.0
17,Symbolic_2Step,5,1.968557596206665,0.011247547,2.0
17,Symbolic_2Step,6,1.971165418624878,0.011247547,2.0
17,Symbolic_2Step,7,2.1850125789642334,0.011247547,2.0
17,Symbolic_2Step,8,1.9751174449920654,0.011247547,2.0
17,Symbolic_2Step,9,1.967531442642212,0.011247547,2.0
17,Symbolic_3Step,0,1.1740343570709229,0.021567257,3.0
17,Symbolic_3Step,1,1.1739726066589355,0.021567257,3.0
17,Symbolic_3Step,2,1.1716256141662598,0.021567257,3.0
17,Symbolic_3Step,3,1.1762268543243408,0.021567257,3.0
17,Symbolic_3Step,4,1.172236442565918,0.021567257,3.0
17,Symbolic_3Step,5,1.1734976768493652,0.021567257,3.0
17,Symbolic_3Step,6,1.1685078144073486,0.021567257,3.0
17,Symbolic_3Step,7,1.174027442932129,0.021567257,3.0
17,Symbolic_3Step,8,1.173994779586792,0.021567257,3.0
17,Symbolic_3Step,9,1.1750597953796387,0.021567257,3.0
17,Symbolic_5Step,0,0.6858437061309814,0.04000644,5.0
17,Symbolic_5Step,1,0.6863455772399902,0.04000644,5.0
17,Symbolic_5Step,2,0.6871941089630127,0.04000644,5.0
17,Symbolic_5Step,3,0.6844818592071533,0.04000644,5.0
17,Symbolic_5Step,4,0.7011468410491943,0.04000644,5.0
17,Symbolic_5Step,5,0.6858859062194824,0.04000644,5.0
17,Symbolic_5Step,6,0.6869921684265137,0.04000644,5.0
17,Symbolic_5Step,7,0.6858253479003906,0.04000644,5.0
17,Symbolic_5Step,8,0.6849515438079834,0.04000644,5.0
17,Symbolic_5Step,9,0.6855564117431641,0.04000644,5.0
18,Symbolic_1Step,0,5.19774866104126,0.0037978129,1.0
18,Symbolic_1Step,1,4.961348056793213,0.0037978129,1.0
18,Symbolic_1Step,2,4.966816425323486,0.0037978129,1.0
18,Symbolic_1Step,3,5.212265253067017,0.0037978129,1.0
18,Symbolic_1Step,4,4.956300735473633,0.0037978129,1.0
18,Symbolic_1Step,5,4.961977243423462,0.0037978129,1.0
18,Symbolic_1Step,6,4.964972257614136,0.0037978129,1.0
18,Symbolic_1Step,7,5.192957162857056,0.0037978129,1.0
18,Symbolic_1Step,8,4.972887754440308,0.0037978129,1.0
18,Symbolic_1Step,9,4.9606921672821045,0.0037978129,1.0
18,Symbolic_2Step,0,2.7215843200683594,0.009593604,2.0
18,Symbolic_2Step,1,2.488273859024048,0.009593604,2.0
18,Symbolic_2Step,2,2.493286371231079,0.009593604,2.0
18,Symbolic_2Step,3,2.490781545639038,0.009593604,2.0
18,Symbolic_2Step,4,2.4940686225891113,0.009593604,2.0
18,Symbolic_2Step,5,2.4934489727020264,0.009593604,2.0
18,Symbolic_2Step,6,2.498728036880493,0.009593604,2.0
18,Symbolic_2Step,7,2.500391960144043,0.009593604,2.0
18,Symbolic_2Step,8,2.7395339012145996,0.009593604,2.0
18,Symbolic_2Step,9,2.4952945709228516,0.009593604,2.0
18,Symbolic_3Step,0,1.6337261199951172,0.017919706,3.0
18,Symbolic_3Step,1,1.634366512298584,0.017919706,3.0
18,Symbolic_3Step,2,1.6390876770019531,0.017919706,3.0
18,Symbolic_3Step,3,1.63722825050354,0.017919706,3.0
18,Symbolic_3Step,4,1.6382324695587158,0.017919706,3.0
18,Symbolic_3Step,5,1.6375432014465332,0.017919706,3.0
18,Symbolic_3Step,6,1.637239933013916,0.017919706,3.0
18,Symbolic_3Step,7,1.6413519382476807,0.017919706,3.0
18,Symbolic_3Step,8,1.6403553485870361,0.017919706,3.0
18,Symbolic_3Step,9,1.6389784812927246,0.017919706,3.0
18,Symbolic_5Step,0,0.7673592567443848,0.05423344,5.0
18,Symbolic_5Step,1,0.765362024307251,0.05423344,5.0
18,Symbolic_5Step,2,0.7654218673706055,0.05423344,5.0
18,Symbolic_5Step,3,0.7684564590454102,0.05423344,5.0
18,Symbolic_5Step,4,0.7679586410522461,0.05423344,5.0
18,Symbolic_5Step,5,0.7663559913635254,0.05423344,5.0
18,Symbolic_5Step,6,0.767113447189331,0.05423344,5.0
18,Symbolic_5Step,7,0.766197681427002,0.05423344,5.0
18,Symbolic_5Step,8,0.7663569450378418,0.05423344,5.0
18,Symbolic_5Step,9,0.7667691707611084,0.05423344,5.0
19,Symbolic_1Step,0,5.5365190505981445,0.004166557,1.0
19,Symbolic_1Step,1,5.526650667190552,0.004166557,1.0
19,Symbolic_1Step,2,5.536855697631836,0.004166557,1.0
19,Symbolic_1Step,3,5.799168825149536,0.004166557,1.0
19,Symbolic_1Step,4,5.543515920639038,0.004166557,1.0
19,Symbolic_1Step,5,5.5342323780059814,0.004166557,1.0
19,Symbolic_1Step,6,5.805474042892456,0.004166557,1.0
19,Symbolic_1Step,7,5.547635316848755,0.004166557,1.0
19,Symbolic_1Step,8,5.558351993560791,0.004166557,1.0
19,Symbolic_1Step,9,5.802050828933716,0.004166557,1.0
19,Symbolic_2Step,0,2.529426097869873,0.018709604,2.0
19,Symbolic_2Step,1,2.5251669883728027,0.018709604,2.0
19,Symbolic_2Step,2,2.524608850479126,0.018709604,2.0
19,Symbolic_2Step,3,2.527416944503784,0.018709604,2.0
19,Symbolic_2Step,4,2.5247812271118164,0.018709604,2.0
19,Symbolic_2Step,5,2.522141218185425,0.018709604,2.0
19,Symbolic_2Step,6,2.5257441997528076,0.018709604,2.0
19,Symbolic_2Step,7,2.523200273513794,0.018709604,2.0
19,Symbolic_2Step,8,2.790728807449341,0.018709604,2.0
19,Symbolic_2Step,9,2.5247068405151367,0.018709604,2.0
19,Symbolic_3Step,0,1.674328088760376,0.033377733,3.0
19,Symbolic_3Step,1,1.6628410816192627,0.033377733,3.0
19,Symbolic_3Step,2,1.665736198425293,0.033377733,3.0
19,Symbolic_3Step,3,1.6666972637176514,0.033377733,3.0
19,Symbolic_3Step,4,1.6633703708648682,0.033377733,3.0
19,Symbolic_3Step,5,1.6612510681152344,0.033377733,3.0
19,Symbolic_3Step,6,1.6632637977600098,0.033377733,3.0
19,Symbolic_3Step,7,1.663949966430664,0.033377733,3.0
19,Symbolic_3Step,8,1.658440351486206,0.033377733,3.0
19,Symbolic_3Step,9,1.6665496826171875,0.033377733,3.0
19,Symbolic_5Step,0,0.8803417682647705,0.066939816,5.0
19,Symbolic_5Step,1,0.8720786571502686,0.066939816,5.0
19,Symbolic_5Step,2,0.8726530075073242,0.066939816,5.0
19,Symbolic_5Step,3,0.8724949359893799,0.066939816,5.0
19,Symbolic_5Step,4,0.8757212162017822,0.066939816,5.0
19,Symbolic_5Step,5,0.8736505508422852,0.066939816,5.0
19,Symbolic_5Step,6,0.8733394145965576,0.066939816,5.0
19,Symbolic_5Step,7,0.8752956390380859,0.066939816,5.0
19,Symbolic_5Step,8,0.8751165866851807,0.066939816,5.0
19,Symbolic_5Step,9,0.8724954128265381,0.066939816,5.0
20,Symbolic_1Step,0,6.1423845291137695,0.004453271,1.0
20,Symbolic_1Step,1,6.155239820480347,0.004453271,1.0
20,Symbolic_1Step,2,6.419459581375122,0.004453271,1.0
20,Symbolic_1Step,3,6.155399322509766,0.004453271,1.0
20,Symbolic_1Step,4,6.151043653488159,0.004453271,1.0
20,Symbolic_1Step,5,6.440068483352661,0.004453271,1.0
20,Symbolic_1Step,6,6.155118942260742,0.004453271,1.0
20,Symbolic_1Step,7,6.161600112915039,0.004453271,1.0
20,Symbolic_1Step,8,6.43867301940918,0.004453271,1.0
20,Symbolic_1Step,9,6.158260822296143,0.004453271,1.0
20,Symbolic_2Step,0,3.107213258743286,0.014323369,2.0
20,Symbolic_2Step,1,3.114516019821167,0.014323369,2.0
20,Symbolic_2Step,2,3.107579469680786,0.014323369,2.0
20,Symbolic_2Step,3,3.110957622528076,0.014323369,2.0
20,Symbolic_2Step,4,3.384962320327759,0.014323369,2.0
20,Symbolic_2Step,5,3.111942768096924,0.014323369,2.0
20,Symbolic_2Step,6,3.1119863986968994,0.014323369,2.0
20,Symbolic_2Step,7,3.1112875938415527,0.014323369,2.0
20,Symbolic_2Step,8,3.1130712032318115,0.014323369,2.0
20,Symbolic_2Step,9,3.1122729778289795,0.014323369,2.0
20,Symbolic_3Step,0,1.7124829292297363,0.05008872,3.0
20,Symbolic_3Step,1,1.7086329460144043,0.05008872,3.0
20,Symbolic_3Step,2,1.711146354675293,0.05008872,3.0
20,Symbolic_3Step,3,1.7121000289916992,0.05008872,3.0
20,Symbolic_3Step,4,1.713127613067627,0.05008872,3.0
20,Symbolic_3Step,5,1.985325813293457,0.05008872,3.0
20,Symbolic_3Step,6,1.7109341621398926,0.05008872,3.0
20,Symbolic_3Step,7,1.7065587043762207,0.05008872,3.0
20,Symbolic_3Step,8,1.7132008075714111,0.05008872,3.0
20,Symbolic_3Step,9,1.70997953414917,0.05008872,3.0
20,Symbolic_5Step,0,1.178922176361084,0.066608235,5.0
20,Symbolic_5Step,1,1.1792376041412354,0.066608235,5.0
20,Symbolic_5Step,2,1.1791613101959229,0.066608235,5.0
20,Symbolic_5Step,3,1.1798453330993652,0.066608235,5.0
20,Symbolic_5Step,4,1.1838033199310303,0.066608235,5.0
20,Symbolic_5Step,5,1.1752002239227295,0.066608235,5.0
20,Symbolic_5Step,6,1.1781959533691406,0.066608235,5.0
20,Symbolic_5Step,7,1.1768453121185303,0.066608235,5.0
20,Symbolic_5Step,8,1.177973985671997,0.066608235,5.0
20,Symbolic_5Step,9,1.1779940128326416,0.066608235,5.0
